{
   "customGroups": [{
      "resourceKind": "Function",
      "membershipDefinition": {"ruleGroups": [{
         "resourceKind": "Datastore",
         "adapterKind": "VMWARE",
         "rules": [
            {
               "ruleType": "StringMetricPropertyRule",
               "ruleMetricKey": "summary|isLocal",
               "isProperty": true,
               "ruleStringOperator": "EQUALS",
               "ruleStringValue": "false"
            },
            {
               "ruleType": "ResourceNameRule",
               "ruleStringOperator": "NOT_CONTAINS",
               "ruleStringValue": "local"
            }
         ]
      }]},
      "adapterKind": "Container",
      "autoResolveMembership": true,
      "name": "Datastores (Shared)",
      "description": "",
      "started": true
   }],
   "customGroupTypes": [{
      "resourceKind": "Function",
      "localization": [
         {
            "resourceKindName": "Funktion",
            "locale": "de"
         },
         {
            "resourceKindName": "功能",
            "locale": "zh_TW"
         },
         {
            "resourceKindName": "기능",
            "locale": "ko"
         },
         {
            "resourceKindName": "機能",
            "locale": "ja"
         },
         {
            "resourceKindName": "Function",
            "locale": "en"
         },
         {
            "resourceKindName": "功能",
            "locale": "zh_CN"
         },
         {
            "resourceKindName": "Fonction",
            "locale": "fr"
         },
         {
            "resourceKindName": "Función",
            "locale": "es"
         }
      ]
   }]
}