{
   "customGroups": [
      {
         "resourceKind": "VM Types",
         "membershipDefinition": {"ruleGroups": [{
            "resourceKind": "VirtualMachine",
            "adapterKind": "VMWARE",
            "rules": [
               {
                  "ruleOperator": "GREATER_THAN",
                  "ruleValue": 8388608,
                  "ruleType": "NumericMetricPropertyRule",
                  "ruleMetricKey": "config|hardware|memoryKB",
                  "isProperty": true
               },
               {
                  "ruleOperator": "EQUALS",
                  "ruleValue": 1,
                  "ruleType": "NumericMetricPropertyRule",
                  "ruleMetricKey": "sys|poweredOn",
                  "isProperty": false
               },
               {
                  "ruleOperator": "GREATER_THAN",
                  "ruleValue": 1,
                  "ruleType": "NumericMetricPropertyRule",
                  "ruleMetricKey": "guest|mem.physUsable_latest",
                  "isProperty": false
               }
            ]
         }]},
         "adapterKind": "Container",
         "autoResolveMembership": true,
         "name": "Large VMs (RAM)",
         "description": "",
         "started": true
      },
      {
         "resourceKind": "VM Types",
         "membershipDefinition": {"ruleGroups": [{
            "resourceKind": "VirtualMachine",
            "adapterKind": "VMWARE",
            "rules": [{
               "ruleOperator": "EQUALS",
               "ruleValue": 1,
               "ruleType": "NumericMetricPropertyRule",
               "ruleMetricKey": "summary|idle",
               "isProperty": false
            }]
         }]},
         "adapterKind": "Container",
         "autoResolveMembership": true,
         "name": "Idle VMs",
         "description": "",
         "started": true
      },
      {
         "resourceKind": "VM Types",
         "membershipDefinition": {"ruleGroups": [{
            "resourceKind": "VirtualMachine",
            "adapterKind": "VMWARE",
            "rules": [{
               "ruleOperator": "GREATER_THAN",
               "ruleValue": 500,
               "ruleType": "NumericMetricPropertyRule",
               "ruleMetricKey": "config|hardware|diskSpace",
               "isProperty": true
            }]
         }]},
         "adapterKind": "Container",
         "autoResolveMembership": true,
         "name": "Large VMs (Disk)",
         "description": "",
         "started": true
      },
      {
         "resourceKind": "VM Types",
         "membershipDefinition": {"ruleGroups": [{
            "resourceKind": "VirtualMachine",
            "adapterKind": "VMWARE",
            "rules": [
               {
                  "ruleOperator": "GREATER_THAN",
                  "ruleValue": 8,
                  "ruleType": "NumericMetricPropertyRule",
                  "ruleMetricKey": "config|hardware|numCpu",
                  "isProperty": true
               },
               {
                  "ruleOperator": "EQUALS",
                  "ruleValue": 1,
                  "ruleType": "NumericMetricPropertyRule",
                  "ruleMetricKey": "sys|poweredOn",
                  "isProperty": false
               }
            ]
         }]},
         "adapterKind": "Container",
         "autoResolveMembership": true,
         "name": "Large VMs (CPU)",
         "description": "",
         "started": true
      },
      {
         "resourceKind": "VM Types",
         "membershipDefinition": {"ruleGroups": [{
            "resourceKind": "VirtualMachine",
            "adapterKind": "VMWARE",
            "rules": [{
               "ruleOperator": "EQUALS",
               "ruleValue": 1,
               "ruleType": "NumericMetricPropertyRule",
               "ruleMetricKey": "sys|poweredOn",
               "isProperty": false
            }]
         }]},
         "adapterKind": "Container",
         "autoResolveMembership": true,
         "name": "Powered On VMs",
         "description": "",
         "started": true
      },
      {
         "resourceKind": "VM Types",
         "membershipDefinition": {"ruleGroups": [{
            "resourceKind": "VirtualMachine",
            "adapterKind": "VMWARE",
            "rules": [
               {
                  "ruleOperator": "EQUALS",
                  "ruleValue": 1,
                  "ruleType": "NumericMetricPropertyRule",
                  "ruleMetricKey": "summary|poweredOff",
                  "isProperty": false
               },
               {
                  "ruleType": "StringMetricPropertyRule",
                  "ruleMetricKey": "summary|runtime|powerState",
                  "isProperty": true,
                  "ruleStringOperator": "EQUALS",
                  "ruleStringValue": "Powered Off"
               }
            ]
         }]},
         "adapterKind": "Container",
         "autoResolveMembership": true,
         "name": "Powered Off VMs",
         "description": "",
         "started": true
      }
   ],
   "customGroupTypes": [{
      "resourceKind": "VM Types",
      "localization": [{
         "resourceKindName": "VM Types",
         "locale": "en"
      }]
   }]
}