{"customGroups": [
   {
      "resourceKind": "Tenants",
      "membershipDefinition": {"ruleGroups": [{
         "resourceKind": "VirtualMachine",
         "adapterKind": "VMWARE",
         "rules": [{
            "ruleType": "StringMetricPropertyRule",
            "ruleMetricKey": "summary|folder",
            "isProperty": true,
            "ruleStringOperator": "CONTAINS",
            "ruleStringValue": "mgmt"
         }]
      }]},
      "adapterKind": "Container",
      "autoResolveMembership": false,
      "name": "Tenant ABC Demo",
      "description": "",
      "started": true
   },
   {
      "resourceKind": "Tenants",
      "membershipDefinition": {"ruleGroups": [{
         "resourceKind": "VirtualMachine",
         "adapterKind": "VMWARE",
         "rules": [{
            "ruleType": "StringMetricPropertyRule",
            "ruleMetricKey": "summary|folder",
            "isProperty": true,
            "ruleStringOperator": "CONTAINS",
            "ruleStringValue": "vrops"
         }]
      }]},
      "adapterKind": "Container",
      "autoResolveMembership": false,
      "name": "Tenant XYZ Demo",
      "description": "",
      "started": true
   }
]}