{"184a05b1-7b29-4a5c-82bd-24dc209c6faa":{"resourceKinds":[{"resourceKindKey":"HostSystem","adapterKindKey":"VMWARE"}],"name":"Ops. ESXi Active RAM (%)","formula":"${this, metric=mem|active_average}/${this, metric=mem|host_usable}*100","description":""},"d5012188-2843-4b5c-b9a3-497e70e860cc":{"resourceKinds":[{"resourceKindKey":"VM Types","adapterKindKey":"Container"},{"resourceKindKey":"vSphere World","adapterKindKey":"VMWARE"}],"name":"Ops. Average VM CPU Utilization (%)","formula":"Avg(${adaptertype=VMWARE, objecttype=VirtualMachine, metric=cpu|demandPct, depth=5}) ","description":""},"a825d30e-e879-4a87-bee0-6cfd4c8a3330":{"resourceKinds":[{"resourceKindKey":"Application Tier","adapterKindKey":"Container"}],"name":"Ops. App-Tier Health","formula":"Avg(${adaptertype=VMWARE, objecttype=VirtualMachine, metric=Super Metric|sm_8b3b71f5-82f6-4053-bdb8-a46a7ca9347c, depth=1})","description":""},"cc433361-d211-4c64-b9a9-15191fd22378":{"resourceKinds":[{"resourceKindKey":"HostSystem","adapterKindKey":"VMWARE"}],"name":"Ops. ESXi Temperature","formula":"Avg(${this, attribute=Sensor|temperature|currentValue})","description":""},"aa3a8ed5-b1ad-43af-8648-c3326b374278":{"resourceKinds":[{"resourceKindKey":"VM Types","adapterKindKey":"Container"},{"resourceKindKey":"vSphere World","adapterKindKey":"VMWARE"}],"name":"Ops. Average Guest OS RAM Used (%)","formula":"Avg(${adaptertype=VMWARE, objecttype=VirtualMachine, attribute=Super Metric|sm_34b82c9d-ddcc-42ac-93c2-6e92984a0d9f, depth=5})","description":""},"50ab85ab-7a20-4603-9b27-4acaaeb2c77f":{"resourceKinds":[{"resourceKindKey":"VMwareAdapter Instance","adapterKindKey":"VMWARE"},{"resourceKindKey":"vSphere World","adapterKindKey":"VMWARE"},{"resourceKindKey":"Datacenter","adapterKindKey":"VMWARE"}],"name":"Ops. Average Availability (%) among clusters","formula":"avg(${adaptertype=VMWARE, objecttype=ClusterComputeResource, attribute=Super Metric|sm_70f4ed8c-9e9c-435f-9d70-e89778443405, depth=3})","description":""},"62b96a66-f57b-4b09-b643-4b0d937f6c03":{"resourceKinds":[{"resourceKindKey":"StoragePod","adapterKindKey":"VMWARE"}],"name":"Ops. Datastore Cluster Capacity (TB)","formula":"sum(${adaptertype=VMWARE, objecttype=Datastore, metric=capacity|total_capacity, depth=1})/1024","description":""},"fea1d86b-a677-4f2a-bd43-414297e1fb2a":{"resourceKinds":[{"resourceKindKey":"ClusterComputeResource","adapterKindKey":"VMWARE"}],"name":"Ops. Average VM IOPS","formula":"Avg(${adaptertype=VMWARE, objecttype=VirtualMachine, attribute=virtualDisk|commandsAveraged_average, depth=5})","description":""},"d8f69ed9-5ab8-4fb9-96d8-6d71875c26aa":{"resourceKinds":[{"resourceKindKey":"ClusterComputeResource","adapterKindKey":"VMWARE"}],"name":"Ops. Cluster CPU Nett Utilization (%)","formula":"(${this, metric=cpu|demandmhz}/${this, metric=cpu|haTotalCapacity_average})*100","description":""},"34b82c9d-ddcc-42ac-93c2-6e92984a0d9f":{"resourceKinds":[{"resourceKindKey":"VirtualMachine","adapterKindKey":"VMWARE"}],"name":"Ops. Guest OS RAM Used (%)","formula":"(${this, metric=guest|mem.needed_latest}/${this, metric=guest|mem.physUsable_latest})*100","description":""},"b1aabd15-af42-4bfb-8cb2-29d13423ebaf":{"resourceKinds":[{"resourceKindKey":"Class of Service","adapterKindKey":"Container"}],"name":"Ops. Average Uptime (%) among Tier 1 VMs","formula":"Avg(${adaptertype=VMWARE, objecttype=VirtualMachine, attribute=Super Metric|sm_f2f7670b-a7a3-4a6a-8fac-bfb7079b63b5, depth=5})","description":""},"d6d21496-971e-46d1-b583-2742da31ce46":{"resourceKinds":[{"resourceKindKey":"VirtualSANDCCluster","adapterKindKey":"VirtualAndPhysicalSANAdapter"}],"name":"Ops. All Flash vSAN KPI","formula":"avg([  ${this, metric=kpi|diskGroupCongestionAbove60_count} as DG60 < 1 ? 12.5 : ( DG60 < 5 ? 37.5 : ( DG60 < 10 ? 62.5 : 87.5 )),  ${this, metric=kpi|capacityDiskLatency_max} as CapaLatency < 1 ? 12.5 : ( CapaLatency < 3 ? 37.5 : ( CapaLatency < 5 ? 62.5 : 87.5 )),  ${this, metric=kpi|diskGroupCongestion_max} as Congestion< 60 ? 12.5 : ( Congestion < 100 ? 37.5 : ( Congestion < 200 ? 62.5 : 87.5 )),  ${this, metric=kpi|diskGroupCacheLatency_max} as CacheLatency < 1 ? 12.5 : ( CacheLatency < 3 ? 37.5 : ( CacheLatency < 5 ? 62.5 : 87.5 )),  ${this, metric=kpi|diskGroupWriteBufferFree_min} as WriteBuffer > 50 ? 12.5 : ( WriteBuffer > 35 ? 37.5 : ( WriteBuffer > 20 ? 62.5 : 87.5 )),  ${this, metric=kpi|diskGroupErrors_sum} as Errors < 1 ? 12.5 : ( Errors < 2 ? 37.5 : ( Errors < 3 ? 62.5 : 87.5 )) ,  ${this, metric=kpi|hostVMKernelPacketDropped_sum} as PacketDrop == 0 ? 12.5 : ( PacketDrop < 1 ? 37.5 : ( PacketDrop < 2 ? 62.5 : 87.5 )) ,  ${this, metric=Super Metric|sm_5efb039b-4740-462b-a8eb-9ba0b2f9108d} as MaxCPUReady < 2.5 ? 12.5 : ( MaxCPUReady < 5 ? 37.5 : ( MaxCPUReady <10 ? 62.5 : 87.5 ))  ,  ${this, metric=Super Metric|sm_bb35ec23-6079-4d82-9730-3743ed682387} as MaxCoStop< 2.5 ? 12.5 : ( MaxCoStop< 5 ? 37.5 : ( MaxCoStop<10 ? 62.5 : 87.5 ))  ,  ${this, metric=Super Metric|sm_93fa4123-2646-458c-992c-ba6e16b64f6b} as MaxRAMContention < 2.5 ? 12.5 : ( MaxRAMContention < 5 ? 37.5 : ( MaxRAMContention <10 ? 62.5 : 87.5 ))  , ${this, metric=Super Metric|sm_d6367f4c-4fee-4bd6-bbf2-d09fe636d5d9} as CPUReadyPercentage < 2.5 ? 12.5 : ( CPUReadyPercentage < 5 ? 37.5 : ( CPUReadyPercentage <10 ? 62.5 : 87.5 ))  ,  ${this, metric=Super Metric|sm_0ccf0ff4-a279-42f4-8abe-8dcbafee5bae} as CoStopPercentage< 2.5 ? 12.5 : ( CoStopPercentage< 5 ? 37.5 : ( CoStopPercentage<10 ? 62.5 : 87.5 ))  , ${this, metric=Super Metric|sm_bd812200-4794-4cc3-9e1f-2daead31d7b5} as RAMContentionPercentage< 2.5 ? 12.5 : ( RAMContentionPercentage< 5 ? 37.5 : ( RAMContentionPercentage<10 ? 62.5 : 87.5 ))  ])","description":""},"0f8901d6-3bf8-4739-83b7-96d202745127":{"resourceKinds":[{"resourceKindKey":"ClusterComputeResource","adapterKindKey":"VMWARE"}],"name":"Ops. Cluster Performance (%)","formula":"100-(sum(${adaptertype=VMWARE, objecttype=VirtualMachine, metric=Super Metric|sm_42bc1eda-fa25-45cc-a759-ada99c1de721, depth=2})/${this, metric=summary|number_running_vms}*100/4)","description":""},"9c6d1a2e-ae93-49d9-957b-d93643f5e3e4":{"resourceKinds":[{"resourceKindKey":"VirtualMachine","adapterKindKey":"VMWARE"}],"name":"Ops. Guest OS Free RAM (MB) with fallback","formula":"(Max([-1,${this, metric=guest|mem.free_latest}]) > 0 ? ${this, metric=guest|mem.free_latest} : (${this, metric=mem|guest_provisioned}-${this, metric=mem|guest_demand}))/1024","description":""},"70f4ed8c-9e9c-435f-9d70-e89778443405":{"resourceKinds":[{"resourceKindKey":"ClusterComputeResource","adapterKindKey":"VMWARE"}],"name":"Ops. Cluster Availability (%) with 1 HA Host","formula":"Min([100,${this, metric=summary|number_running_hosts}/(${this, metric=summary|total_number_hosts}-1)*100])","description":""},"f20bb12a-dd82-4214-b704-4b73988afc0e":{"resourceKinds":[{"resourceKindKey":"VirtualSANDCCluster","adapterKindKey":"VirtualAndPhysicalSANAdapter"}],"name":"Ops. Hybrid vSAN KPI","formula":"avg([  ${this, metric=kpi|diskGroupCongestionAbove60_count} as DG60 < 1 ? 12.5 : ( DG60 < 5 ? 37.5 : ( DG60 < 10 ? 62.5 : 87.5 )), ${this, metric=kpi|capacityDiskLatency_max} as CapaLatency < 1 ? 12.5 : ( CapaLatency < 3 ? 37.5 : ( CapaLatency < 5 ? 62.5 : 87.5 )), ${this, metric=kpi|diskGroupCongestion_max} as Congestion< 60 ? 12.5 : ( Congestion < 100 ? 37.5 : ( Congestion < 200 ? 62.5 : 87.5 )), ${this, metric=kpi|diskGroupCacheLatency_max} as CacheLatency < 1 ? 12.5 : ( CacheLatency < 3 ? 37.5 : ( CacheLatency < 5 ? 62.5 : 87.5 )), ${this, metric=kpi|diskGroupWriteBufferFree_min} as WriteBuffer > 50 ? 12.5 : ( WriteBuffer > 35 ? 37.5 : ( WriteBuffer > 20 ? 62.5 : 87.5 )), ${this, metric=kpi|diskGroupErrors_sum} as Errors < 1 ? 12.5 : ( Errors < 2 ? 37.5 : ( Errors < 3 ? 62.5 : 87.5 )) , ${this, metric=kpi|hostVMKernelPacketDropped_sum} as PacketDrop == 0 ? 12.5 : ( PacketDrop < 1 ? 37.5 : ( PacketDrop < 2 ? 62.5 : 87.5 )) , ${this, metric=kpi|diskGroupReadCacheHitRate_min} as CacheHit > 95 ? 12.5 : ( CacheHit > 90 ? 37.5 : ( CacheHit > 85 ? 62.5 : 87.5 ))  ,  ${this, metric=Super Metric|sm_5efb039b-4740-462b-a8eb-9ba0b2f9108d} as MaxCPUReady < 2.5 ? 12.5 : ( MaxCPUReady < 5 ? 37.5 : ( MaxCPUReady <10 ? 62.5 : 87.5 ))  ,  ${this, metric=Super Metric|sm_bb35ec23-6079-4d82-9730-3743ed682387} as MaxCoStop< 2.5 ? 12.5 : ( MaxCoStop< 5 ? 37.5 : ( MaxCoStop<10 ? 62.5 : 87.5 ))  ,  ${this, metric=Super Metric|sm_93fa4123-2646-458c-992c-ba6e16b64f6b} as MaxRAMContention < 2.5 ? 12.5 : ( MaxRAMContention < 5 ? 37.5 : ( MaxRAMContention <10 ? 62.5 : 87.5 ))  , ${this, metric=Super Metric|sm_d6367f4c-4fee-4bd6-bbf2-d09fe636d5d9} as CPUReadyPercentage < 2.5 ? 12.5 : ( CPUReadyPercentage < 5 ? 37.5 : ( CPUReadyPercentage <10 ? 62.5 : 87.5 ))  ,  ${this, metric=Super Metric|sm_0ccf0ff4-a279-42f4-8abe-8dcbafee5bae} as CoStopPercentage< 2.5 ? 12.5 : ( CoStopPercentage< 5 ? 37.5 : ( CoStopPercentage<10 ? 62.5 : 87.5 ))  , ${this, metric=Super Metric|sm_bd812200-4794-4cc3-9e1f-2daead31d7b5} as RAMContentionPercentage< 2.5 ? 12.5 : ( RAMContentionPercentage< 5 ? 37.5 : ( RAMContentionPercentage<10 ? 62.5 : 87.5 ))  ])","description":""},"388ff905-9520-49eb-962c-d1ac9f855d56":{"resourceKinds":[{"resourceKindKey":"VirtualMachine","adapterKindKey":"VMWARE"}],"name":"Ops. Guest OS CPU Utilization (%)","formula":"(${this, metric=cpu|run_summation}-${this, metric=cpu|overlap_summation})/(${this, metric=cpu|corecount_provisioned}*200)+${this, metric=cpu|costopPct}+${this, metric=cpu|readyPct}","description":""},"59a8a30f-2252-4ab3-812d-a943772ac243":{"resourceKinds":[{"resourceKindKey":"ClusterComputeResource","adapterKindKey":"VMWARE"}],"name":"Ops. Cluster RAM Nett Utilization (%)","formula":"(${this, metric=mem|consumed_average}/${this, metric=mem|haTotalCapacity_average})*100    ","description":""},"b79625ac-aa30-47ea-9399-a1a0faea3b9f":{"resourceKinds":[{"resourceKindKey":"ClusterComputeResource","adapterKindKey":"VMWARE"}],"name":"Ops. Cluster Nett Utilization (%)","formula":"Max([${this, metric=Super Metric|sm_d8f69ed9-5ab8-4fb9-96d8-6d71875c26aa},${this, metric=Super Metric|sm_59a8a30f-2252-4ab3-812d-a943772ac243}])","description":""},"6ebb172a-9477-4ed6-8c8a-8501a2229a96":{"resourceKinds":[{"resourceKindKey":"ClusterComputeResource","adapterKindKey":"VMWARE"}],"name":"Ops. Average VM Disk Latency (ms)","formula":"Avg(${adaptertype=VMWARE, objecttype=VirtualMachine, attribute=virtualDisk|totalLatency, depth=5})","description":""}}