{"0b436086-a445-4267-8dd5-f96e59d5641a":{"resourceKinds":[{"resourceKindKey":"ClusterComputeResource","adapterKindKey":"VMWARE"}],"name":"Ops. Max VM in Tier 1 Cluster","formula":"200","description":""},"7f0f813d-d4d6-422e-b5a8-aba0f627dfe7":{"resourceKinds":[{"resourceKindKey":"ClusterComputeResource","adapterKindKey":"VMWARE"}],"name":"Ops. Max VM IOPS","formula":"Max(${adaptertype=VMWARE, objecttype=VirtualMachine, attribute=virtualDisk|commandsAveraged_average, depth=5})","description":""},"384c7f09-3a7e-483b-9f15-3701eb036af1":{"resourceKinds":[{"resourceKindKey":"ClusterComputeResource","adapterKindKey":"VMWARE"}],"name":"Ops. Max ESXi RAM Consumed (%) in a cluster","formula":"Max(${adaptertype=VMWARE, objecttype=HostSystem, attribute=mem|workload, depth=1})","description":""},"6ef20091-53ed-4b4c-a110-36caf9e1d528":{"resourceKinds":[{"resourceKindKey":"ClusterComputeResource","adapterKindKey":"VMWARE"}],"name":"Ops. Max VM in Tier 2 Cluster","formula":"400","description":""},"c37be5b6-4762-4883-a528-8970b254896a":{"resourceKinds":[{"resourceKindKey":"ClusterComputeResource","adapterKindKey":"VMWARE"},{"resourceKindKey":"Datacenter","adapterKindKey":"VMWARE"}],"name":"Ops. Max ESXi Temperature (Celcius)","formula":"Max(${adaptertype=VMWARE, objecttype=HostSystem, attribute=Sensor|temperature|currentValue, depth=2})","description":""},"93fa4123-2646-458c-992c-ba6e16b64f6b":{"resourceKinds":[{"resourceKindKey":"VirtualSANDCCluster","adapterKindKey":"VirtualAndPhysicalSANAdapter"},{"resourceKindKey":"ResourcePool","adapterKindKey":"VMWARE"},{"resourceKindKey":"HostSystem","adapterKindKey":"VMWARE"}],"name":"Ops. Max VM RAM Contention (%)","formula":"Max(${adaptertype=VMWARE, objecttype=VirtualMachine, attribute=mem|host_contentionPct, depth=5})","description":""},"eb724b20-3eec-48a0-9c69-5c448120897d":{"resourceKinds":[{"resourceKindKey":"ClusterComputeResource","adapterKindKey":"VMWARE"},{"resourceKindKey":"Datacenter","adapterKindKey":"VMWARE"}],"name":"Ops. Max VM Disk Latency (ms)","formula":"Max(${adaptertype=VMWARE, objecttype=VirtualMachine, attribute=virtualDisk|totalLatency, depth=3})","description":""},"396ef702-7042-40dc-afa9-423e9adea12b":{"resourceKinds":[{"resourceKindKey":"Datastore","adapterKindKey":"VMWARE"}],"name":"Ops. Max VM Disk latency (ms) in a datastore","formula":"Max(${adaptertype=VMWARE, objecttype=VirtualMachine, attribute=virtualDisk|totalLatency, depth=-1})","description":""},"7882b3a1-7992-481d-9335-6d1d42541c45":{"resourceKinds":[{"resourceKindKey":"Class of Service","adapterKindKey":"Container"}],"name":"Ops. Max Datastore Latency (ms)","formula":"max(${adaptertype=VMWARE, objecttype=Datastore, attribute=datastore|totalLatency_average, depth=5})","description":""},"be0f975b-8cab-4f81-97e5-744020b19e02":{"resourceKinds":[{"resourceKindKey":"vSphere World","adapterKindKey":"VMWARE"}],"name":"Ops. Max vDS Dropped Packets (%)","formula":"Max(${adaptertype=VMWARE, objecttype=VmwareDistributedVirtualSwitch, attribute=network|port_statistics|dropped_pkts_pct, depth=3})","description":""},"dd3d800f-0cf9-4970-b50a-fe43cb1f138f":{"resourceKinds":[{"resourceKindKey":"VM Types","adapterKindKey":"Container"}],"name":"Ops. Max VM CPU Utilization (%)","formula":"Max(${adaptertype=VMWARE, objecttype=VirtualMachine, attribute=cpu|usage_average, depth=1})","description":""},"c1fcc632-8944-4434-bcd7-713ad8339b90":{"resourceKinds":[{"resourceKindKey":"HostSystem","adapterKindKey":"VMWARE"}],"name":"Ops. Max ESXi vmnic usage (Gbps)","formula":"Max ([  ${this, metric=net:vmnic0|received_average},  ${this, metric=net:vmnic0|transmitted_average},  ${this, metric=net:vmnic1|received_average},  ${this, metric=net:vmnic1|transmitted_average},  ${this, metric=net:vmnic2|received_average},  ${this, metric=net:vmnic2|transmitted_average},  ${this, metric=net:vmnic3|received_average},  ${this, metric=net:vmnic3|transmitted_average},  ${this, metric=net:vmnic4|received_average},  ${this, metric=net:vmnic4|transmitted_average},  ${this, metric=net:vmnic5|received_average},  ${this, metric=net:vmnic5|transmitted_average}  ]) * 8 / 1024/1024","description":""},"1a891ea9-c15d-4cfd-9c74-5f3a8950fcd2":{"resourceKinds":[{"resourceKindKey":"Datacenter","adapterKindKey":"VMWARE"}],"name":"Ops. Max VM Network Packet Dropped (%)","formula":"Max(${adaptertype=VMWARE, objecttype=VirtualMachine, attribute=net|droppedPct, depth=5})","description":""},"5efb039b-4740-462b-a8eb-9ba0b2f9108d":{"resourceKinds":[{"resourceKindKey":"VirtualSANDCCluster","adapterKindKey":"VirtualAndPhysicalSANAdapter"},{"resourceKindKey":"ResourcePool","adapterKindKey":"VMWARE"},{"resourceKindKey":"HostSystem","adapterKindKey":"VMWARE"},{"resourceKindKey":"VirtualSANCluster","adapterKindKey":"VirtualAndPhysicalSANAdapter"},{"resourceKindKey":"ClusterComputeResource","adapterKindKey":"VMWARE"}],"name":"Ops. Max VM CPU Ready (%)","formula":"Max(${adaptertype=VMWARE, objecttype=VirtualMachine, attribute=cpu|readyPct, depth=5})","description":""},"0943dfce-a5fc-4428-b9fc-79ff0af172df":{"resourceKinds":[{"resourceKindKey":"ClusterComputeResource","adapterKindKey":"VMWARE"}],"name":"Ops. Max Cluster vmnic usage (Gbps)","formula":"Max(${adaptertype=VMWARE, objecttype=HostSystem, attribute=Super Metric|sm_c1fcc632-8944-4434-bcd7-713ad8339b90, depth=1})","description":""},"8a9e56c6-6095-4d78-ad5e-40744587f17c":{"resourceKinds":[{"resourceKindKey":"DistributedVirtualPortgroup","adapterKindKey":"VMWARE"},{"resourceKindKey":"ClusterComputeResource","adapterKindKey":"VMWARE"},{"resourceKindKey":"VMwareAdapter Instance","adapterKindKey":"VMWARE"},{"resourceKindKey":"vSphere World","adapterKindKey":"VMWARE"},{"resourceKindKey":"Datacenter","adapterKindKey":"VMWARE"}],"name":"Ops. Max VM Network Usage (Mbps)","formula":"Max(${adapterkind=VMWARE, resourcekind=VirtualMachine, attribute=net|usage_average, depth=5}) * 8 / 1000","description":""},"aa194f93-b903-4acd-9a06-0616c37613a8":{"resourceKinds":[{"resourceKindKey":"Function","adapterKindKey":"Container"},{"resourceKindKey":"Class of Service","adapterKindKey":"Container"},{"resourceKindKey":"Tenants","adapterKindKey":"Container"},{"resourceKindKey":"VM Types","adapterKindKey":"Container"}],"name":"Ops. No of members in a group","formula":"max([count(${adaptertype=VMWARE, objecttype=VirtualMachine, metric=badge|health, depth=1}), count(${adaptertype=VMWARE, objecttype=Datastore, metric=badge|health, depth=1})])","description":""},"307a599f-caaf-47af-84a0-9f76b5a6ddad":{"resourceKinds":[{"resourceKindKey":"Class of Service","adapterKindKey":"Container"},{"resourceKindKey":"VmwareDistributedVirtualSwitch","adapterKindKey":"VMWARE"}],"name":"Ops. No of ESXi Hosts","formula":"count(${adaptertype=VMWARE, objecttype=HostSystem, metric=badge|health, depth=2}) ","description":""},"02a10a49-ab96-44cf-a6e6-79b2059b4a02":{"resourceKinds":[{"resourceKindKey":"ClusterComputeResource","adapterKindKey":"VMWARE"}],"name":"Ops. Max VM in Tier 3 Cluster","formula":"800","description":""},"6e2e2209-1bf7-4625-b9b8-2fd927c71994":{"resourceKinds":[{"resourceKindKey":"Multi-tier Applications","adapterKindKey":"Container"}],"name":"Ops. Multi-tier Application Health","formula":"Min(${adaptertype=Container, objecttype=Application Tier, attribute=Super Metric|sm_a825d30e-e879-4a87-bee0-6cfd4c8a3330, depth=1})","description":""}}