{"8b3b71f5-82f6-4053-bdb8-a46a7ca9347c":{"resourceKinds":[{"resourceKindKey":"VirtualMachine","adapterKindKey":"VMWARE"}],"name":"Ops. VM KPI","formula":"Avg([    Max([0,${this, metric=guest|contextSwapRate_latest} as CPU_Context]) >100000?12.5:(Max([0,CPU_Context])>10000?37.5:(Max([0,CPU_Context])>1000?62.5:87.5)), ${this, metric=cpu|usage_average} as CPU_Usage>90?12.5:(CPU_Usage>80?37.5:(CPU_Usage>70?62.5:87.5)),      ${this, metric=cpu|readyPct} as CPU_Ready>7.5?12.5:(CPU_Ready>5?37.5:(CPU_Ready>2.5?62.5:87.5)),     ${this, metric=cpu|costopPct} as CPU_CoStop>7.5?12.5:(CPU_CoStop>5?37.5:(CPU_CoStop>2.5?62.5:87.5)),     ${this, metric=mem|host_contentionPct} as RAM_Contention>5?12.5:(RAM_Contention>3?37.5:(RAM_Contention>1?62.5:87.5)),     ${this, metric=Super Metric|sm_9c6d1a2e-ae93-49d9-957b-d93643f5e3e4} as RAM_Free<128?12.5:(RAM_Free<256?37.5:(RAM_Free<512?62.5:87.5)),      ${this, metric=virtualDisk:Aggregate of all instances|totalLatency} as Disk_Latency>30?12.5:(Disk_Latency>20?37.5:(Disk_Latency>10?62.5:87.5))])","description":""},"9c3b0157-bb06-4827-b4c7-551f094a49aa":{"resourceKinds":[{"resourceKindKey":"ClusterComputeResource","adapterKindKey":"VMWARE"},{"resourceKindKey":"VirtualMachine","adapterKindKey":"VMWARE"},{"resourceKindKey":"Datastore","adapterKindKey":"VMWARE"},{"resourceKindKey":"StoragePod","adapterKindKey":"VMWARE"}],"name":"Performance SLA - Tier 1 - Storage","formula":"10","description":""},"aa4ff857-4ca3-472c-98e4-b1078e4ce163":{"resourceKinds":[{"resourceKindKey":"ClusterComputeResource","adapterKindKey":"VMWARE"},{"resourceKindKey":"VirtualMachine","adapterKindKey":"VMWARE"}],"name":"Performance SLA - Tier 3 - RAM","formula":"6","description":""},"9b9c2628-4373-445b-a638-84a3cbffc472":{"resourceKinds":[{"resourceKindKey":"ClusterComputeResource","adapterKindKey":"VMWARE"},{"resourceKindKey":"VirtualMachine","adapterKindKey":"VMWARE"},{"resourceKindKey":"Datastore","adapterKindKey":"VMWARE"},{"resourceKindKey":"StoragePod","adapterKindKey":"VMWARE"}],"name":"Performance SLA - Tier 2 - Storage","formula":"20","description":""},"4a3bd0c0-c897-4baf-a60e-4bea139e537b":{"resourceKinds":[{"resourceKindKey":"ClusterComputeResource","adapterKindKey":"VMWARE"},{"resourceKindKey":"VirtualMachine","adapterKindKey":"VMWARE"}],"name":"Performance SLA - RAM","formula":"Max([${this, metric=Super Metric|sm_de04627b-fc2c-4699-81a2-6ec96f475d18},${this, metric=Super Metric|sm_30db4dc8-ac63-4048-8329-ec3ba06281ce},${this, metric=Super Metric|sm_aa4ff857-4ca3-472c-98e4-b1078e4ce163}])","description":""},"01b91453-1722-4d93-b2b1-066be0596dd0":{"resourceKinds":[{"resourceKindKey":"VirtualMachine","adapterKindKey":"VMWARE"}],"name":"Ops. VM Page-In Rate %","formula":"Max([0, ${this, metric=guest|page.inRate_latest} ])/ Max([1, ${this, metric=guest|mem.needed_latest } ]) * 100","description":""},"20ff3c62-0185-47a8-9bdc-a96f3081a2a8":{"resourceKinds":[{"resourceKindKey":"ClusterComputeResource","adapterKindKey":"VMWARE"},{"resourceKindKey":"VirtualMachine","adapterKindKey":"VMWARE"}],"name":"Performance SLA - CPU","formula":"Max([${this, metric=Super Metric|sm_e4e7dbef-1160-48b4-859b-f1abcbe863cb}, ${this, metric=Super Metric|sm_7f633e72-8507-4cb3-8739-fc2417bfb845},${this, metric=Super Metric|sm_1872a4af-8c6a-4fa9-9ff5-121d831c5443}])","description":""},"e4e7dbef-1160-48b4-859b-f1abcbe863cb":{"resourceKinds":[{"resourceKindKey":"ClusterComputeResource","adapterKindKey":"VMWARE"},{"resourceKindKey":"VirtualMachine","adapterKindKey":"VMWARE"}],"name":"Performance SLA - Tier 1 - CPU","formula":"1","description":""},"f2f7670b-a7a3-4a6a-8fac-bfb7079b63b5":{"resourceKinds":[{"resourceKindKey":"VirtualMachine","adapterKindKey":"VMWARE"}],"name":"Ops. VM Uptime (%)","formula":"${this, metric=sys|poweredOn}  * ceil( min([ max([                   ${this, metric=sys|osUptime_latest} ,                    ${this, metric=sys|heartbeat_latest} ,                    ${this, metric=mem|active_average} ,                   ${this, metric=virtualDisk:Aggregate of all instances|commandsAveraged_average} ,                   ${this, metric=net|transmitted_average}                   ])             , 1          ])     ) * Min([ 300 , ${this, metric=sys|osUptime_latest}]) / 3","description":""},"c7b45300-3ec8-4296-86f9-8d60c586de5d":{"resourceKinds":[{"resourceKindKey":"ClusterComputeResource","adapterKindKey":"VMWARE"},{"resourceKindKey":"VirtualMachine","adapterKindKey":"VMWARE"},{"resourceKindKey":"Datastore","adapterKindKey":"VMWARE"},{"resourceKindKey":"StoragePod","adapterKindKey":"VMWARE"}],"name":"Performance SLA - Tier 3 - Storage","formula":"30","description":""},"1872a4af-8c6a-4fa9-9ff5-121d831c5443":{"resourceKinds":[{"resourceKindKey":"ClusterComputeResource","adapterKindKey":"VMWARE"},{"resourceKindKey":"VirtualMachine","adapterKindKey":"VMWARE"}],"name":"Performance SLA - Tier 3 - CPU","formula":"10","description":""},"7f633e72-8507-4cb3-8739-fc2417bfb845":{"resourceKinds":[{"resourceKindKey":"ClusterComputeResource","adapterKindKey":"VMWARE"},{"resourceKindKey":"VirtualMachine","adapterKindKey":"VMWARE"}],"name":"Performance SLA - Tier 2 - CPU","formula":"5","description":""},"e5980700-3d2c-428e-996f-78346304b723":{"resourceKinds":[{"resourceKindKey":"VirtualMachine","adapterKindKey":"VMWARE"}],"name":"Ops. TX Dropped Packet %","formula":"(${this, metric=net|droppedTx_summation}/${this, metric=net:Aggregate of all instances|packetsTxPerSec})*100 ","description":""},"cc38300b-d116-4040-bdd2-76b8ba3cd360":{"resourceKinds":[{"resourceKindKey":"ClusterComputeResource","adapterKindKey":"VMWARE"},{"resourceKindKey":"VirtualMachine","adapterKindKey":"VMWARE"},{"resourceKindKey":"Datastore","adapterKindKey":"VMWARE"},{"resourceKindKey":"StoragePod","adapterKindKey":"VMWARE"}],"name":"Performance SLA - Storage","formula":"max([${this, attribute=Super Metric|sm_9c3b0157-bb06-4827-b4c7-551f094a49aa},${this, attribute=Super Metric|sm_9b9c2628-4373-445b-a638-84a3cbffc472},${this, attribute=Super Metric|sm_c7b45300-3ec8-4296-86f9-8d60c586de5d}])","description":""},"de04627b-fc2c-4699-81a2-6ec96f475d18":{"resourceKinds":[{"resourceKindKey":"ClusterComputeResource","adapterKindKey":"VMWARE"},{"resourceKindKey":"VirtualMachine","adapterKindKey":"VMWARE"}],"name":"Performance SLA - Tier 1 - RAM","formula":"1","description":""},"30db4dc8-ac63-4048-8329-ec3ba06281ce":{"resourceKinds":[{"resourceKindKey":"ClusterComputeResource","adapterKindKey":"VMWARE"},{"resourceKindKey":"VirtualMachine","adapterKindKey":"VMWARE"}],"name":"Performance SLA - Tier 2 - RAM","formula":"3","description":""},"42bc1eda-fa25-45cc-a759-ada99c1de721":{"resourceKinds":[{"resourceKindKey":"VirtualMachine","adapterKindKey":"VMWARE"}],"name":"Ops. VM fails Performance SLA (0 = No)","formula":"sum([${this, metric=net|droppedTx_summation}>0?1:0,${this, metric=mem|host_contentionPct}>${this, metric=Super Metric|sm_4a3bd0c0-c897-4baf-a60e-4bea139e537b} ? 1 : 0, ${this, metric=cpu|readyPct}>${this, metric=Super Metric|sm_20ff3c62-0185-47a8-9bdc-a96f3081a2a8} ? 1 : 0, ${this, metric=virtualDisk:Aggregate of all instances|totalLatency}>${this, metric=Super Metric|sm_cc38300b-d116-4040-bdd2-76b8ba3cd360}?1:0])","description":""}}