{"35a99b93-23dc-4e5a-90b7-fb8f4d14c238":{"resourceKinds":[{"resourceKindKey":"vSphere World","adapterKindKey":"VMWARE"}],"name":"Ops. Total Broadcast packets","formula":"sum(${adaptertype=VMWARE, objecttype=VmwareDistributedVirtualSwitch, metric=network|port_statistics|bcast_rx_pkts, depth=3})+sum(${adaptertype=VMWARE, objecttype=VmwareDistributedVirtualSwitch, metric=network|port_statistics|bcast_tx_pkts, depth=3})","description":""},"31576dc8-863c-4fd3-a9cb-86df952676f4":{"resourceKinds":[{"resourceKindKey":"Function","adapterKindKey":"Container"},{"resourceKindKey":"VM Types","adapterKindKey":"Container"}],"name":"Ops. Reclaimable Capacity (TB) from VMs","formula":"sum(${adaptertype=VMWARE, objecttype=VirtualMachine, metric=diskspace|used, depth=1})/1024 ","description":""},"c11d5aa2-0703-40c5-bd15-8997897c4dc3":{"resourceKinds":[{"resourceKindKey":"ClusterComputeResource","adapterKindKey":"VMWARE"}],"name":"Ops. No of vCPU left in a cluster","formula":"${this, metric=cpu|corecount_provisioned} - ${this, metric=summary|number_running_vcpus}","description":""},"d6367f4c-4fee-4bd6-bbf2-d09fe636d5d9":{"resourceKinds":[{"resourceKindKey":"VirtualSANDCCluster","adapterKindKey":"VirtualAndPhysicalSANAdapter"},{"resourceKindKey":"HostSystem","adapterKindKey":"VMWARE"},{"resourceKindKey":"ClusterComputeResource","adapterKindKey":"VMWARE"}],"name":"Ops. Percentage of VM with CPU Ready > 1%","formula":"count( ${adaptertype=VMWARE, objecttype=VirtualMachine, metric=cpu|readyPct, depth=2, where=\"cpu|readyPct>1\"}) / sum(${adaptertype=VMWARE, objecttype=HostSystem, metric=summary|number_running_vms, depth=1})","description":""},"30b27680-1c5d-414a-a311-3995f1cb32d7":{"resourceKinds":[{"resourceKindKey":"DistributedVirtualPortgroup","adapterKindKey":"VMWARE"},{"resourceKindKey":"VmwareDistributedVirtualSwitch","adapterKindKey":"VMWARE"}],"name":"Ops. Total VM Throughput (Gbps)","formula":"sum(${adaptertype=VMWARE, objecttype=VirtualMachine, metric=net|usage_average, depth=2})/1024/1024*8 ","description":""},"0ccf0ff4-a279-42f4-8abe-8dcbafee5bae":{"resourceKinds":[{"resourceKindKey":"VirtualSANDCCluster","adapterKindKey":"VirtualAndPhysicalSANAdapter"}],"name":"Ops. Percentage of VM with CPU CoStop","formula":"count(${adaptertype=VMWARE, objecttype=VirtualMachine, metric=cpu|costopPct, depth=2, where=\"cpu|costopPct>0\"}) / sum(${adaptertype=VMWARE, objecttype=HostSystem, metric=summary|number_running_vms, depth=1})","description":""},"b8207580-4b88-46e7-a303-b94b1777cbd0":{"resourceKinds":[{"resourceKindKey":"Tenants","adapterKindKey":"Container"},{"resourceKindKey":"VM Types","adapterKindKey":"Container"}],"name":"Ops. Total VM Configured RAM (TB)","formula":"sum(${adaptertype=VMWARE, objecttype=VirtualMachine, metric=mem|guest_provisioned, depth=5})/1024/1024/1024","description":""},"230e94cb-f143-4f23-bb36-e27bff088e2f":{"resourceKinds":[{"resourceKindKey":"Tenants","adapterKindKey":"Container"},{"resourceKindKey":"VM Types","adapterKindKey":"Container"}],"name":"Ops. Total VM vCPU","formula":"sum(${adaptertype=VMWARE, objecttype=VirtualMachine, metric=cpu|corecount_provisioned, depth=5}) ","description":""},"27695309-eab1-48d6-8719-0c20fa55ca8e":{"resourceKinds":[{"resourceKindKey":"Function","adapterKindKey":"Container"}],"name":"Ops. Total Capacity among all datastores (TB)","formula":"sum(${adaptertype=VMWARE, objecttype=Datastore, metric=diskspace|capacity, depth=1})/1024","description":""},"47403eca-5ada-46c8-8494-361877753096":{"resourceKinds":[{"resourceKindKey":"VM Types","adapterKindKey":"Container"}],"name":"Ops. Total Free RAM (TB)","formula":"sum(${adaptertype=VMWARE, objecttype=VirtualMachine, metric=guest|mem.free_latest, depth=1})/1024/1024/1024","description":""},"e1bfa32f-ca37-46d6-9a90-071aa842e92b":{"resourceKinds":[{"resourceKindKey":"vSphere World","adapterKindKey":"VMWARE"}],"name":"Ops. Total Multicast Packets","formula":"sum(${adaptertype=VMWARE, objecttype=VmwareDistributedVirtualSwitch, metric=network|port_statistics|mcast_rx_pkts, depth=3})+sum(${adaptertype=VMWARE, objecttype=VmwareDistributedVirtualSwitch, metric=network|port_statistics|mcast_tx_pkts, depth=1})","description":""},"bd812200-4794-4cc3-9e1f-2daead31d7b5":{"resourceKinds":[{"resourceKindKey":"VirtualSANDCCluster","adapterKindKey":"VirtualAndPhysicalSANAdapter"},{"resourceKindKey":"HostSystem","adapterKindKey":"VMWARE"},{"resourceKindKey":"ClusterComputeResource","adapterKindKey":"VMWARE"}],"name":"Ops. Percentage of VM with RAM Contention","formula":"count( ${adaptertype=VMWARE, objecttype=VirtualMachine, metric=mem|host_contentionPct, depth=5, where=\"mem|host_contentionPct>0\"}) / sum(${adaptertype=VMWARE, objecttype=HostSystem, metric=summary|number_running_vms, depth=1}) ","description":""},"8dcffac7-516d-49c3-ae6e-55dce708461c":{"resourceKinds":[{"resourceKindKey":"vSphere World","adapterKindKey":"VMWARE"}],"name":"Ops. Total Error Packets","formula":"sum(${adaptertype=VMWARE, objecttype=HostSystem, metric=net|errorsRx_summation, depth=4})+sum(${adaptertype=VMWARE, objecttype=HostSystem, metric=net|errorsTx_summation, depth=4}) ","description":""},"086a7466-c2d9-46bb-9b0a-66d4b9a97013":{"resourceKinds":[{"resourceKindKey":"Tenants","adapterKindKey":"Container"},{"resourceKindKey":"VM Types","adapterKindKey":"Container"},{"resourceKindKey":"VMwareAdapter Instance","adapterKindKey":"VMWARE"},{"resourceKindKey":"vSphere World","adapterKindKey":"VMWARE"},{"resourceKindKey":"Datacenter","adapterKindKey":"VMWARE"}],"name":"Ops. Total VM Storage (configured) in TB","formula":"sum(${adaptertype=VMWARE, objecttype=VirtualMachine, metric=diskspace|provisionedSpace, depth=5})/1024","description":""},"542799fb-6015-4b99-9fc0-2e7d2ee34350":{"resourceKinds":[{"resourceKindKey":"StoragePod","adapterKindKey":"VMWARE"}],"name":"Ops. No of VMs","formula":"sum(${adaptertype=VMWARE, objecttype=Datastore, metric=summary|total_number_vms, depth=1})","description":""},"1beb7c0a-31bb-4ab2-947d-d3e91dac4185":{"resourceKinds":[{"resourceKindKey":"ClusterComputeResource","adapterKindKey":"VMWARE"}],"name":"Ops. No of VM allowed in a Cluster (Availability SLA)","formula":"Max([${this, metric=Super Metric|sm_0b436086-a445-4267-8dd5-f96e59d5641a},${this, metric=Super Metric|sm_6ef20091-53ed-4b4c-a110-36caf9e1d528},${this, metric=Super Metric|sm_02a10a49-ab96-44cf-a6e6-79b2059b4a02}]) - ${this, metric=summary|number_running_vms}","description":""},"9f23a784-3181-4a69-b585-d1ab17c64818":{"resourceKinds":[{"resourceKindKey":"VM Types","adapterKindKey":"Container"},{"resourceKindKey":"VMwareAdapter Instance","adapterKindKey":"VMWARE"},{"resourceKindKey":"vSphere World","adapterKindKey":"VMWARE"},{"resourceKindKey":"Datacenter","adapterKindKey":"VMWARE"}],"name":"Ops. Total VM Storage (used) in TB","formula":"sum(${adaptertype=VMWARE, objecttype=VirtualMachine, metric=diskspace|used, depth=5})/1024","description":""},"b1bbb451-51bb-4fe9-a1ff-8de0f28dfd73":{"resourceKinds":[{"resourceKindKey":"ClusterComputeResource","adapterKindKey":"VMWARE"}],"name":"Ops. No of vRAM left in a cluster (GB)","formula":"((${this, metric=mem|haTotalCapacity_average}-${this, metric=mem|memory_allocated_on_all_vms})/1024)/1024","description":""},"5030a448-5d29-4a23-9ee2-3a8af4875b27":{"resourceKinds":[{"resourceKindKey":"VmwareDistributedVirtualSwitch","adapterKindKey":"VMWARE"}],"name":"Ops. Total ESXi Packet Dropped","formula":"${this, metric=net|droppedRx_summation}+${this, metric=net|droppedTx_summation}","description":""},"5e02582f-bfe6-41d8-a181-9f4d40d9b560":{"resourceKinds":[{"resourceKindKey":"DistributedVirtualPortgroup","adapterKindKey":"VMWARE"},{"resourceKindKey":"VmwareDistributedVirtualSwitch","adapterKindKey":"VMWARE"}],"name":"Ops. Total VM TX Packet Dropped","formula":"sum(${adaptertype=VMWARE, objecttype=VirtualMachine, metric=net|droppedTx_summation, depth=5}) ","description":""}}